StartDate,EndDate,Status,IPAddress,Progress,Duration (in seconds),Finished,RecordedDate,ResponseId,RecipientLastName,RecipientFirstName,RecipientEmail,ExternalReference,LocationLatitude,LocationLongitude,DistributionChannel,UserLanguage,Consent,QID1,Age,Role/Family,Family #,Role,Q1,Q2,Q3,Q4,Q5,Q6_1,Q7,Q9,Q10,Q11,Q12,Q13,Q14,Q15,Q16,Q508,Q-T-1,Q-T-2,Q-T-3,Q-T-7,Q-T-8,Q-T-9,Q-T-10,Q-T-11-1,Q-T-11-2,Q-T-12,Q-T-13,Q-TB,Q-V-1,Q-V-2-1,Q-V-2-2,Q-V-3,Q-V-4,Q-V-5,Q-V-7,Q-V-8,Q-V-10,Q-V-11-1,Q-V-11-2,Q-V-12,Q-V-13,VBQ,Q-SIB,Q-SI-1,Q-SI-2,Q-SI-4,Q-SI-5,Q-SI-6,Q-SI-7-1,Q-SI-7-2,Q-SI-8,Q-SI-9,Q-SI-10,Q-SI-13,Q-PH-1-1,Q-PH-1-2,Q-PH-2-1,Q-PH-2-2,Q-PH-5,Q-PH-6,Q-PH-7,Q-PH-8,Q-PH-9,Q-PH-10,Q-PH-11,Q-PH-12,Q-P-1-1,Q-P-1-2,Q-P-2,Q-P-3,Q-P-4,Q-P-5,Q-P-6,Q-P-7,Q-P-8-1,Q-P-8-2,Q-P-9,Q-P-10,Q-P-11,Q-P-12,Q-P-13,Q-IC-2,Q-CE-2-1,t_avg,v_avg,si_avg,ph_avg,p_avg,dc_avg,ic_avg,ce_avg
2025-10-03T10:17:50Z,2025-10-03T10:26:13Z,0,161.28.242.62,100,502,1,2025-10-03T10:26:13Z,R_5Vgpn2ZxAsFUYHe,NA,NA,NA,NA,40.6118,-111.9008,qr,EN,1,Tau Joliet,12,1,54,NA,2,2,3,Lehi,2,4,3,2,2,1,1,1,5,2,2,2,5,3,4,3,4,2,4,2,3,4,2,1,3,3,3,3,3,3,4,3,4,3,2,3,4,3,2,NA,NA,NA,NA,NA,NA,NA,NA,NA,NA,NA,2,3,4,5,4,5,5,5,5,4,5,4,5,5,4,4,5,5,5,5,5,5,4,4,4,5,5,3,4,3.272727272727273,3.1538461538461537,NA,4.25,4.666666666666667,NA,3,4
2025-10-03T10:28:58Z,2025-10-03T10:43:03Z,0,161.28.242.92,100,844,1,2025-10-03T10:43:04Z,R_372R0887fm6smts,NA,NA,NA,NA,40.2783,-111.7198,qr,EN,1,Sigma Laval,15,1,56,NA,2,5,3,Pleasant Grove,1,9,1,1,2,2,2,2,2,3,2,3,3,3,2,3,3,2,3,3,3,3,3,2,4,3,3,3,3,3,3,3,3,3,3,3,3,3,1,3,3,3,3,3,3,3,3,3,3,3,3,2,3,2,3,3,3,3,3,3,3,3,3,3,3,3,3,3,3,3,3,3,3,3,3,3,3,3,3,2.8181818181818183,3.076923076923077,3,2.8333333333333335,3,NA,3,3
2025-10-03T10:55:19Z,2025-10-03T11:01:17Z,0,104.28.124.62,100,358,1,2025-10-03T11:01:19Z,R_1X2Or9nVXqqxxXH,NA,NA,NA,NA,40.2342,-111.6442,qr,EN,1,Epsilon Conroe,12,2,NA,1,1,5,3,American Fork,2,2,1,2,2,1,2,2,1,1,1,2,5,3,3,4,4,4,4,2,3,3,3,1,4,4,2,4,4,4,4,4,4,4,3,3,3,1,2,NA,NA,NA,NA,NA,NA,NA,NA,NA,NA,NA,3,3,3,3,3,3,3,3,3,3,3,3,3,3,3,3,3,3,3,3,3,3,3,3,3,3,3,3,3,3.4545454545454546,3.6153846153846154,NA,3,3,NA,3,3
2025-10-03T10:38:13Z,2025-10-03T11:02:00Z,0,161.28.242.38,100,1426,1,2025-10-03T11:02:01Z,R_6IhL8fUqvNCJyJ0,NA,NA,NA,NA,40.65,-112.0061,qr,EN,1,Lamba Woodbridge,12,2,NA,7,2,5,3,Pleasant Grove,1,5,1,2,2,1,2,3,4,2,1,1,4,4,3,3,4,4,4,4,4,4,4,2,5,4,2,4,4,4,5,4,5,1,2,4,4,1,2,NA,NA,NA,NA,NA,NA,NA,NA,NA,NA,NA,2,4,4,4,4,4,4,4,4,4,4,5,4,4,4,4,4,4,4,4,4,4,4,4,4,4,4,3,3,3.8181818181818183,3.6923076923076925,NA,3.9166666666666665,4,NA,3,3
2025-10-03T10:55:20Z,2025-10-03T11:03:51Z,0,161.28.242.54,100,510,1,2025-10-03T11:03:51Z,R_5XidWgrXlDybLYy,NA,NA,NA,NA,40.2783,-111.7198,qr,EN,1,Epsilon Brantford,15,1,3,NA,1,5,3,Cedar Hills,1,6,1,1,2,2,2,4,4,3,2,2,4,4,3,4,4,2,4,2,2,4,2,2,4,2,3,4,4,1,4,3,4,3,2,4,4,2,2,NA,NA,NA,NA,NA,NA,NA,NA,NA,NA,NA,3,4,4,3,4,4,4,4,4,4,4,4,4,4,4,4,4,4,4,4,4,4,4,4,4,4,3,3,3,3.1818181818181817,3.230769230769231,NA,3.8333333333333335,3.933333333333333,NA,3,3
2025-10-03T10:56:16Z,2025-10-03T11:05:10Z,0,172.59.154.200,100,533,1,2025-10-03T11:05:13Z,R_3CdphNJKxwkRzdW,NA,NA,NA,NA,40.6981,-111.9999,qr,EN,1,Lambda Moncton,12,2,NA,4,2,45,1,Salt Lake City,2,3,1,2,1,2,2,1,2,2,1,2,4,3,4,3,3,4,3,4,2,4,2,2,3,3,3,3,3,2,3,3,3,2,2,3,4,2,2,NA,NA,NA,NA,NA,NA,NA,NA,NA,NA,NA,3,4,4,4,4,3,3,3,4,4,4,4,4,4,3,4,4,3,4,4,4,2,4,4,4,4,4,2,4,3.272727272727273,2.8461538461538463,NA,3.6666666666666665,3.7333333333333334,NA,2,4
2025-10-03T10:55:59Z,2025-10-03T11:05:59Z,0,161.28.242.112,100,600,1,2025-10-03T11:05:59Z,R_5ePInyA8oJ7Vh9F,NA,NA,NA,NA,40.2783,-111.7198,qr,EN,1,Alpha Fremont,15,1,55,NA,2,5,3,American Fork,3,4,1,2,2,2,2,3,2,5,1,5,2,2,2,2,1,2,2,1,2,2,5,2,5,2,3,3,3,1,4,2,4,2,4,3,4,3,2,NA,NA,NA,NA,NA,NA,NA,NA,NA,NA,NA,3,2,2,2,2,2,2,4,3,4,3,4,2,2,3,3,2,4,4,4,4,4,4,4,4,4,4,5,1,2.090909090909091,3.076923076923077,NA,2.75,3.466666666666667,NA,5,1
2025-10-03T10:57:06Z,2025-10-03T11:06:50Z,0,161.28.242.235,100,584,1,2025-10-03T11:06:50Z,R_6Nq3LQ5os31lWvo,NA,NA,NA,NA,40.2783,-111.7198,qr,EN,1,Zeta Lakewood,12,2,NA,5,2,5,3,Orem,2,6,1,2,2,1,2,2,4,5,1,3,5,3,4,2,4,4,4,2,2,4,4,1,5,3,5,5,5,5,5,5,5,5,5,5,5,1,2,NA,NA,NA,NA,NA,NA,NA,NA,NA,NA,NA,1,3,5,4,5,5,5,5,5,5,5,5,5,4,5,5,5,5,5,5,5,4,5,5,5,5,5,4,2,3.4545454545454546,4.846153846153846,NA,4.416666666666667,4.866666666666666,NA,4,2
2025-10-03T10:56:21Z,2025-10-03T11:07:02Z,0,161.28.242.60,100,640,1,2025-10-03T11:07:02Z,R_3e3Y4T9iULE8WVW,NA,NA,NA,NA,40.2783,-111.7198,qr,EN,1,Thatcher Allred,12,1,56,NA,1,5,3,Orem,1,7,1,2,2,2,2,1,4,4,1,4,4,4,3,3,3,3,3,3,3,3,3,2,5,2,2,4,4,2,4,5,5,2,5,5,5,1,2,NA,NA,NA,NA,NA,NA,NA,NA,NA,NA,NA,2,4,4,4,4,4,5,5,5,5,3,4,4,4,4,4,4,4,4,4,4,4,4,4,4,4,4,4,2,3.1818181818181817,3.8461538461538463,NA,4.083333333333333,4,NA,4,2
2025-10-03T10:38:09Z,2025-10-03T11:07:04Z,0,161.28.242.138,100,1734,1,2025-10-03T11:07:04Z,R_6LGIFrJp9J4jhap,NA,NA,NA,NA,40.2783,-111.7198,qr,EN,1,Beta Athens,12,2,NA,7,2,5,3,Springville,1,2,1,2,2,1,2,2,4,4,1,2,1,1,1,4,4,4,4,2,2,4,4,2,5,5,5,5,5,3,4,4,4,1,5,5,5,1,2,NA,NA,NA,NA,NA,NA,NA,NA,NA,NA,NA,1,5,4,1,4,5,5,5,4,4,4,4,5,5,4,4,4,5,5,5,5,4,5,4,4,4,4,4,4,2.8181818181818183,4.3076923076923075,NA,3.8333333333333335,4.466666666666667,NA,4,4
2025-10-03T10:57:34Z,2025-10-03T11:07:05Z,0,161.28.242.43,100,570,1,2025-10-03T11:07:05Z,R_62bClQixbpgPlEf,NA,NA,NA,NA,40.2783,-111.7198,qr,EN,1,Amanda Harward,16,2,NA,1,2,5,3,Lehi,1,4,1,2,2,2,2,5,5,4,1,3,4,4,4,4,4,4,4,2,4,4,4,2,2,4,4,4,4,2,4,4,4,4,4,2,2,2,1,4,4,4,4,4,5,5,5,5,5,5,4,4,4,4,4,4,5,4,4,4,4,4,4,4,5,5,5,4,4,4,5,5,5,5,5,5,5,5,5,3.8181818181818183,3.3846153846153846,4.545454545454546,4.083333333333333,4.666666666666667,NA,5,5
2025-10-03T11:01:42Z,2025-10-03T11:07:24Z,0,161.28.242.72,100,341,1,2025-10-03T11:07:24Z,R_7ou8bKsqQIdluL0,NA,NA,NA,NA,40.2783,-111.7198,qr,EN,1,Delta Chicago,12,2,NA,2,1,2,3,Orem,2,6,1,2,1,1,2,3,5,7,1,1,5,3,5,4,5,5,5,4,2,5,1,1,5,5,5,5,5,2,5,5,5,5,5,5,5,1,2,NA,NA,NA,NA,NA,NA,NA,NA,NA,NA,NA,5,1,5,1,5,5,5,5,5,5,5,5,5,1,5,5,5,5,5,5,5,5,5,5,5,5,5,5,1,4,4.769230769230769,NA,4.333333333333333,4.733333333333333,NA,5,1
2025-10-03T10:56:34Z,2025-10-03T11:07:46Z,0,161.28.242.32,100,671,1,2025-10-03T11:07:46Z,R_1NkyJjQ8cLmy2EE,NA,NA,NA,NA,40.2783,-111.7198,qr,EN,1,Delta Rochester,12,1,56,NA,2,5,5,Layton,1,6,1,2,2,2,2,2,4,5,2,4,4,4,3,3,3,3,4,3,3,4,2,2,5,2,2,5,5,2,5,5,5,1,1,4,5,2,2,NA,NA,NA,NA,NA,NA,NA,NA,NA,NA,NA,3,2,3,4,3,4,3,5,4,4,3,4,4,4,4,4,4,4,4,4,4,4,4,4,4,4,4,4,1,3.272727272727273,3.6153846153846154,NA,3.5,4,NA,4,1
2025-10-03T10:55:41Z,2025-10-03T11:07:48Z,0,161.28.242.90,100,726,1,2025-10-03T11:07:48Z,R_5rIC3zm279YaUEA,NA,NA,NA,NA,40.2783,-111.7198,qr,EN,1,Upsilon Boise,12,1,2,NA,2,5,3,Genola,1,8,1,2,2,1,2,2,4,5,1,3,3,3,1,1,1,3,3,3,3,3,3,2,3,3,3,2,3,3,3,3,3,3,3,3,3,2,2,NA,NA,NA,NA,NA,NA,NA,NA,NA,NA,NA,3,2,2,4,3,3,3,3,3,3,3,3,3,4,4,3,3,3,3,3,3,3,3,3,3,3,3,2,2,2.4545454545454546,2.923076923076923,NA,2.9166666666666665,3.1333333333333333,NA,2,2
2025-10-03T10:56:30Z,2025-10-03T11:08:26Z,0,161.28.242.22,100,716,1,2025-10-03T11:08:27Z,R_6rirJOQKIEwuhTm,NA,NA,NA,NA,40.2783,-111.7198,qr,EN,1,Reese Fenton,12,1,3,NA,2,5,3,Provo,1,4,1,2,2,2,1,2,2,5,1,1,3,4,4,4,4,3,2,3,3,4,3,1,1,4,4,3,4,4,4,2,2,5,4,2,2,2,2,NA,NA,NA,NA,NA,NA,NA,NA,NA,NA,NA,2,2,4,3,4,4,2,4,4,4,4,5,5,5,5,4,3,3,4,4,4,4,4,4,5,4,4,4,3,3.3636363636363638,3.1538461538461537,NA,3.5,4.133333333333334,NA,4,3
2025-10-03T10:56:12Z,2025-10-03T11:08:43Z,0,161.28.242.55,100,751,1,2025-10-03T11:08:44Z,R_1eFrKxV1U2lIQe5,NA,NA,NA,NA,40.2783,-111.7198,qr,EN,1,Phi Seattle,12,1,55,NA,2,5,3,Provo,2,4,1,2,2,1,2,1,4,4,1,1,5,5,5,3,4,3,4,3,3,3,2,1,4,2,2,2,3,3,4,4,4,2,2,4,4,1,2,NA,NA,NA,NA,NA,NA,NA,NA,NA,NA,NA,1,4,1,3,1,1,1,5,5,5,5,5,5,5,5,5,5,5,5,5,5,5,5,5,5,5,5,3,3,3.6363636363636362,3.076923076923077,NA,3.0833333333333335,5,NA,3,3
2025-10-03T10:56:27Z,2025-10-03T11:09:57Z,0,161.28.242.19,100,809,1,2025-10-03T11:09:57Z,R_1bFRLPLBPwEPuF3,NA,NA,NA,NA,40.2783,-111.7198,qr,EN,1,Beta Drummondville,12,1,57,NA,2,5,1,Sandy,1,5,1,2,2,1,2,3,2,2,1,3,3,5,5,5,4,4,5,4,4,4,2,1,2,2,4,3,3,4,4,4,4,3,3,2,5,2,2,NA,NA,NA,NA,NA,NA,NA,NA,NA,NA,NA,1,5,1,5,5,5,5,4,5,5,5,5,5,5,5,5,5,5,5,5,5,5,5,5,5,5,5,2,4,4.090909090909091,3.3076923076923075,NA,4.25,5,NA,2,4
2025-10-03T10:56:36Z,2025-10-03T11:10:50Z,0,161.28.242.85,100,854,1,2025-10-03T11:10:50Z,R_52Lb0OSU026hPTe,NA,NA,NA,NA,40.2783,-111.7198,qr,EN,1,Sigma Hamilton,12,1,7,NA,1,5,3,Orem,1,6,1,2,2,2,2,1,4,5,2,2,3,3,4,4,3,2,3,3,3,4,3,2,4,3,3,4,3,2,3,4,4,3,3,4,3,1,2,NA,NA,NA,NA,NA,NA,NA,NA,NA,NA,NA,3,3,3,3,4,4,4,3,4,2,4,4,3,3,4,4,3,2,4,3,3,3,4,3,4,2,4,4,1,3.1818181818181817,3.3076923076923075,NA,3.4166666666666665,3.2666666666666666,NA,4,1
2025-10-03T10:55:33Z,2025-10-03T11:11:32Z,0,161.28.242.51,100,959,1,2025-10-03T11:11:33Z,R_50bCIMvRP6sAQM2,NA,NA,NA,NA,40.2783,-111.7198,qr,EN,1,Vance Winterton,12,1,53,NA,1,5,3,Provo,2,4,1,2,2,1,2,3,3,5,2,2,3,3,1,3,3,3,3,3,3,4,3,2,2,2,3,3,4,3,3,3,3,4,2,3,4,2,2,NA,NA,NA,NA,NA,NA,NA,NA,NA,NA,NA,4,2,2,2,2,2,2,3,2,2,2,2,3,3,3,2,2,3,2,3,3,4,3,3,3,3,3,3,4,2.909090909090909,3,NA,2.25,2.8666666666666667,NA,3,4
2025-10-03T10:56:45Z,2025-10-03T11:13:00Z,0,161.28.242.103,100,974,1,2025-10-03T11:13:00Z,R_5NrWlGk4vGGyclY,NA,NA,NA,NA,40.2783,-111.7198,qr,EN,1,Gamma Oakville,12,2,NA,3,2,5,3,Orem,2,4,1,2,2,1,2,2,5,5,2,4,3,3,4,3,5,3,3,3,3,5,2,2,5,2,5,4,5,2,4,5,5,2,5,4,5,1,2,NA,NA,NA,NA,NA,NA,NA,NA,NA,NA,NA,2,2,3,4,3,4,3,4,4,5,4,4,4,3,4,3,3,4,4,4,3,3,4,4,4,3,3,5,1,3.3636363636363638,4.076923076923077,NA,3.5,3.533333333333333,NA,5,1
2025-10-03T10:57:25Z,2025-10-03T11:13:48Z,0,161.28.242.103,100,982,1,2025-10-03T11:13:48Z,R_5o7l7d3ULSdXIt5,NA,NA,NA,NA,40.2783,-111.7198,qr,EN,1,Mu Gilbert,12,2,NA,6,2,456,4,Orem,1,5,1,2,2,1,1,3,2,4,2,2,3,3,3,4,3,1,4,4,3,4,1,1,3,3,2,3,3,2,4,4,4,2,2,4,4,1,1,5,1,4,1,4,1,2,2,3,4,4,2,3,4,3,4,3,4,4,5,4,4,4,5,5,4,4,5,5,5,4,5,5,5,5,4,4,5,4,3,3,3.076923076923077,2.8181818181818183,3.6666666666666665,4.666666666666667,NA,4,3
2025-10-03T10:55:46Z,2025-10-03T20:12:55Z,0,136.38.176.16,100,33429,1,2025-10-03T20:12:55Z,R_52ii8s4tu9DCHwv,NA,NA,NA,NA,35.0781,-106.6583,qr,EN,1,Alpha Savannah,12,1,3,NA,2,4,3,Springville,2,6,2,1,2,2,2,2,6,6,2,3,4,3,4,3,4,2,4,4,4,4,2,1,3,4,3,3,3,4,4,4,4,3,2,3,3,3,2,NA,NA,NA,NA,NA,NA,NA,NA,NA,NA,NA,2,4,3,2,3,4,4,2,4,4,3,4,3,2,2,4,2,2,3,4,3,3,2,4,2,4,2,4,2,3.4545454545454546,3.3076923076923075,NA,3.25,2.8,NA,4,2
2025-10-29T10:53:36Z,2025-10-29T11:00:47Z,0,161.28.242.81,100,431,1,2025-10-29T11:00:48Z,R_7tXji5eHRPIkPSN,NA,NA,NA,NA,40.2783,-111.7198,qr,EN,1,Zeta Salinas,12,1,57,NA,2,5,3,Orem,2,3,1,2,1,2,2,1,1,4,1,2,3,4,3,3,5,4,4,4,3,5,3,2,4,3,3,4,4,3,4,4,4,1,4,3,4,2,2,NA,NA,NA,NA,NA,NA,NA,NA,NA,NA,NA,2,4,2,3,4,4,4,4,4,4,4,4,3,4,3,3,4,4,4,4,4,4,4,4,4,4,4,4,2,3.727272727272727,3.4615384615384617,NA,3.5833333333333335,3.8,NA,4,2
2025-10-29T10:52:14Z,2025-10-29T11:00:55Z,0,161.28.242.131,100,520,1,2025-10-29T11:00:55Z,R_7dfEagnPzbQ8mJl,NA,NA,NA,NA,40.2783,-111.7198,qr,EN,1,Delta Beaumont,12,1,53,NA,2,7,3,Orem,2,4,1,2,2,2,3,1,4,1,1,1,5,5,5,5,5,5,5,5,5,5,1,1,5,5,1,5,5,1,5,5,3,1,1,5,5,1,2,NA,NA,NA,NA,NA,NA,NA,NA,NA,NA,NA,1,3,4,4,5,4,5,5,5,5,5,5,5,4,5,5,5,5,5,5,5,4,5,5,5,5,5,3,5,4.636363636363637,3.6153846153846154,NA,4.25,4.866666666666666,NA,3,5
2025-10-29T10:52:27Z,2025-10-29T11:01:51Z,0,161.28.242.130,100,563,1,2025-10-29T11:01:51Z,R_5VCLOijxIFDKvpo,NA,NA,NA,NA,40.2783,-111.7198,qr,EN,1,Mu Olathe,12,1,60,NA,2,5,3,Orem,2,2,1,2,1,1,2,2,2,2,1,2,4,3,3,4,4,4,3,2,2,4,3,1,3,2,3,3,4,4,4,3,4,2,2,3,4,1,1,4,2,4,2,3,2,2,2,2,4,4,2,4,4,4,4,4,4,4,4,4,4,4,4,4,4,4,4,4,4,4,4,4,4,4,4,4,4,4,2,3.272727272727273,3.1538461538461537,2.8181818181818183,3.8333333333333335,4,NA,4,2
2025-10-29T10:52:21Z,2025-10-29T11:02:11Z,0,172.59.152.160,100,589,1,2025-10-29T11:02:11Z,R_5KxvFjB3RND6AKr,NA,NA,NA,NA,40.6981,-111.9999,qr,EN,1,Lambda Hamilton,12,1,53,NA,2,5,3,Lehi,1,6,1,2,2,3,2,2,1,3,1,3,5,4,4,2,3,4,4,4,4,4,2,1,4,4,2,4,4,4,4,4,4,2,2,4,4,1,2,NA,NA,NA,NA,NA,NA,NA,NA,NA,NA,NA,2,4,4,3,4,4,4,4,4,4,4,4,4,4,4,4,4,4,4,4,4,4,4,4,4,4,4,4,2,3.6363636363636362,3.5384615384615383,NA,3.75,4,NA,4,2
2025-10-29T10:53:39Z,2025-10-29T11:02:22Z,0,161.28.242.37,100,523,1,2025-10-29T11:02:23Z,R_5h59lXdsAvi2RyR,NA,NA,NA,NA,40.2783,-111.7198,qr,EN,1,Delta Spokane,12,2,NA,3,2,5,3,Orem,2,4,1,2,2,1,2,2,3,4,2,1,3,3,4,3,3,3,3,2,2,3,3,2,3,3,3,3,3,3,3,3,3,3,3,3,3,2,2,NA,NA,NA,NA,NA,NA,NA,NA,NA,NA,NA,2,4,4,4,4,4,4,4,4,4,4,4,4,3,4,4,4,4,4,4,4,4,4,4,4,4,4,3,4,2.909090909090909,3,NA,3.8333333333333335,3.933333333333333,NA,3,4
2025-10-29T10:52:28Z,2025-10-29T11:02:22Z,0,161.28.242.70,100,594,1,2025-10-29T11:02:23Z,R_6TRXjxy06uG0cDW,NA,NA,NA,NA,40.2783,-111.7198,qr,EN,1,Mu Columbus,12,1,60,NA,2,5,3,Vineyard,3,3,1,2,2,1,2,3,1,4,1,3,4,4,4,4,4,5,4,4,4,4,2,1,5,2,2,4,5,2,4,2,4,2,1,4,4,1,2,NA,NA,NA,NA,NA,NA,NA,NA,NA,NA,NA,1,5,4,4,4,4,4,4,4,4,4,4,4,4,4,4,4,4,4,4,4,4,4,4,4,4,4,4,2,3.909090909090909,3.1538461538461537,NA,3.8333333333333335,4,NA,4,2
2025-10-29T10:52:24Z,2025-10-29T11:03:06Z,0,161.28.242.65,100,642,1,2025-10-29T11:03:07Z,R_6hRaE04W9mgJj4G,NA,NA,NA,NA,40.2783,-111.7198,qr,EN,1,Beta Kent,12,1,60,NA,2,4,3,American Fork,2,5,2,2,2,1,1,1,2,4,1,2,5,5,5,5,5,4,5,4,4,4,2,1,5,3,1,5,5,3,4,5,5,1,1,5,5,1,2,NA,NA,NA,NA,NA,NA,NA,NA,NA,NA,NA,2,4,4,3,4,4,4,4,4,4,4,4,4,4,4,4,4,4,4,4,4,4,4,4,4,4,4,3,3,4.363636363636363,3.6923076923076925,NA,3.75,4,NA,3,3
2025-10-29T10:52:58Z,2025-10-29T11:03:12Z,0,172.56.148.26,100,614,1,2025-10-29T11:03:13Z,R_5DulRo6sf6T56CY,NA,NA,NA,NA,43.5441,-116.5662,qr,EN,1,ZETA Spokane,12,1,3,NA,2,2,1,Sandy,1,3,3,1,2,2,2,3,1,1,1,4,5,5,5,5,5,5,4,4,2,5,1,1,5,4,1,5,5,3,5,4,5,1,1,5,5,1,2,NA,NA,NA,NA,NA,NA,NA,NA,NA,NA,NA,2,5,5,5,5,4,5,5,5,5,5,5,5,5,5,5,5,5,5,5,5,5,5,5,5,5,5,3,5,4.181818181818182,3.769230769230769,NA,4.666666666666667,5,NA,3,5
2025-10-29T10:52:54Z,2025-10-29T11:03:14Z,0,161.28.242.109,100,620,1,2025-10-29T11:03:15Z,R_5IPDLpKfaRkFCzR,NA,NA,NA,NA,40.6118,-111.9008,qr,EN,1,Beta Budapest,12,1,54,NA,1,5,3,American Fork,2,2,1,2,2,2,2,1,5,6,1,2,4,3,4,3,4,3,4,2,4,3,2,2,4,2,2,4,4,2,3,4,4,2,2,3,4,1,2,NA,NA,NA,NA,NA,NA,NA,NA,NA,NA,NA,3,2,3,4,3,4,3,3,2,3,3,3,3,4,3,3,3,3,3,3,3,3,3,3,3,3,3,3,2,3.272727272727273,3.076923076923077,NA,3,3.066666666666667,NA,3,2
2025-10-29T10:50:56Z,2025-10-29T11:03:28Z,0,174.201.61.68,100,751,1,2025-10-29T11:03:30Z,R_3Sxj2pQsU44NiBr,NA,NA,NA,NA,40.2783,-111.7198,qr,EN,1,Tau Sunnyvale,12,1,3,NA,2,5,3,Lehi,3,4,1,2,2,2,1,2,4,4,1,2,5,4,5,2,2,3,4,2,2,4,4,2,5,1,1,5,5,1,5,5,5,1,1,5,5,1,2,NA,NA,NA,NA,NA,NA,NA,NA,NA,NA,NA,1,4,3,3,5,5,5,5,5,5,5,5,3,3,3,5,5,3,5,5,5,4,3,5,3,4,5,5,1,3.3636363636363638,3.4615384615384617,NA,4.25,4.066666666666666,NA,5,1
2025-10-29T10:53:54Z,2025-10-29T11:03:38Z,0,161.28.242.39,100,583,1,2025-10-29T11:03:39Z,R_3cAzA5gumNWLV4J,NA,NA,NA,NA,40.2783,-111.7198,qr,EN,1,Gamma Pearland,12,2,NA,2,1,5,3,Orem,2,2,1,2,2,2,2,2,6,6,1,2,5,5,4,3,4,4,3,3,3,3,2,1,3,3,3,3,3,3,3,4,3,3,3,3,4,1,1,3,2,4,3,3,3,2,2,2,3,4,2,4,4,4,4,4,4,4,4,4,4,4,4,4,4,4,4,4,4,4,4,4,4,4,4,4,4,3,3,3.5454545454545454,3.1538461538461537,2.8181818181818183,3.8333333333333335,4,NA,3,3
2025-10-29T10:52:36Z,2025-10-29T11:04:03Z,0,161.28.242.140,100,687,1,2025-10-29T11:04:04Z,R_6lIET5dYFo18e1b,NA,NA,NA,NA,40.6118,-111.9008,qr,EN,1,Sigma Gainesville,12,2,NA,6,2,5,3,Highland,1,5,1,2,2,2,2,2,2,2,1,3,5,4,4,4,5,4,4,3,3,4,2,2,5,4,2,4,5,4,4,4,4,2,2,4,4,1,2,NA,NA,NA,NA,NA,NA,NA,NA,NA,NA,NA,2,2,4,3,4,4,4,4,4,5,4,4,4,4,4,4,5,4,4,4,5,4,4,4,5,5,5,3,4,3.8181818181818183,3.6923076923076925,NA,3.6666666666666665,4.333333333333333,NA,3,4
2025-10-29T10:52:37Z,2025-10-29T11:04:58Z,0,161.28.242.118,100,741,1,2025-10-29T11:04:59Z,R_7NrIXJrpMhh1VdA,NA,NA,NA,NA,40.2783,-111.7198,qr,EN,1,Tau Salinas,12,1,61,NA,1,5,3,Orem,2,3,1,2,2,1,2,2,5,2,1,3,5,4,4,3,4,3,4,4,4,4,2,1,5,2,3,4,5,2,4,3,4,2,1,3,5,2,2,NA,NA,NA,NA,NA,NA,NA,NA,NA,NA,NA,2,4,4,4,4,4,4,4,4,4,4,4,4,4,4,4,4,4,4,4,4,4,4,4,4,4,4,5,1,3.727272727272727,3.3076923076923075,NA,3.8333333333333335,4,NA,5,1
2025-10-29T10:52:14Z,2025-10-29T11:05:06Z,0,161.28.242.142,100,771,1,2025-10-29T11:05:06Z,R_7aEOpc9MjQHYrI7,NA,NA,NA,NA,40.2783,-111.7198,qr,EN,1,Rho Fullerton,12,1,56,NA,2,5,3,Provo,2,4,1,2,2,2,2,2,4,4,1,1,4,4,4,3,4,4,4,4,4,4,2,2,4,4,3,4,4,3,4,4,4,2,2,4,4,2,2,NA,NA,NA,NA,NA,NA,NA,NA,NA,NA,NA,2,4,4,4,4,4,4,4,4,4,4,4,4,4,4,4,4,4,4,4,4,4,4,4,4,4,4,4,2,3.727272727272727,3.5384615384615383,NA,3.8333333333333335,4,NA,4,2
2025-10-29T10:52:26Z,2025-10-29T11:05:30Z,0,172.59.155.99,100,783,1,2025-10-29T11:05:31Z,R_3rjZqwREp4o1ViL,NA,NA,NA,NA,40.6981,-111.9999,qr,EN,1,Greydon McMullin,12,1,56,NA,1,5,3,Orem,2,5,1,2,2,2,2,2,5,5,1,4,4,4,4,3,4,4,4,4,4,4,2,2,5,2,3,3,5,2,4,4,5,2,1,3,5,1,2,NA,NA,NA,NA,NA,NA,NA,NA,NA,NA,NA,3,3,3,4,3,3,3,3,3,3,3,4,3,4,3,3,3,3,3,3,3,3,4,4,3,3,3,4,2,3.727272727272727,3.3846153846153846,NA,3.1666666666666665,3.2,NA,4,2
2025-10-29T10:52:37Z,2025-10-29T11:05:59Z,0,172.59.154.181,100,801,1,2025-10-29T11:05:59Z,R_5liS5QLSakXGOnm,NA,NA,NA,NA,40.6981,-111.9999,qr,EN,1,Beta Kingston,12,1,3,NA,2,4,3,Orem,2,4,1,2,2,1,1,2,7,1,2,2,3,4,3,3,5,3,4,4,4,5,2,2,5,3,2,4,4,3,4,4,4,1,2,4,4,2,2,NA,NA,NA,NA,NA,NA,NA,NA,NA,NA,NA,2,4,4,4,4,4,4,5,5,5,4,4,4,4,4,3,4,4,4,4,4,4,4,4,4,4,4,2,3,3.6363636363636362,3.3846153846153846,NA,4.083333333333333,3.933333333333333,NA,2,3
2025-10-29T10:53:27Z,2025-10-29T11:06:24Z,0,161.28.242.16,100,776,1,2025-10-29T11:06:24Z,R_7uuOs712XC602xH,NA,NA,NA,NA,40.2783,-111.7198,qr,EN,1,Beta Springfield,15,2,NA,5,2,5,3,American Fork,3,2,1,2,2,1,2,4,3,4,1,3,5,5,5,4,5,5,5,4,5,5,1,1,5,1,1,5,5,1,5,5,5,1,1,5,5,1,2,NA,NA,NA,NA,NA,NA,NA,NA,NA,NA,NA,1,5,4,4,5,5,4,5,4,5,4,5,4,4,4,4,4,4,4,4,4,4,4,5,4,3,4,4,4,4.454545454545454,3.4615384615384617,NA,4.25,4,NA,4,4
2025-10-29T10:53:00Z,2025-10-29T11:06:25Z,0,146.75.175.81,100,804,1,2025-10-29T11:06:25Z,R_6lSC292GertdLCp,NA,NA,NA,NA,40.7592,-111.8875,qr,EN,1,omega vacaville,12,1,54,NA,2,75,3,lehi,1,5,1,1,2,1,1,2,2,2,1,4,4,3,4,3,3,3,3,3,3,4,3,1,4,3,3,3,3,3,4,3,4,3,3,3,4,1,2,NA,NA,NA,NA,NA,NA,NA,NA,NA,NA,NA,3,3,4,4,4,4,4,4,4,4,4,4,4,4,4,4,4,4,4,4,4,4,4,4,4,4,4,3,3,3.272727272727273,3.3076923076923075,NA,3.8333333333333335,4,NA,3,3
2025-10-29T10:55:01Z,2025-10-29T11:07:12Z,0,161.28.242.23,100,730,1,2025-10-29T11:07:12Z,R_51p2eOWZAin35Jd,NA,NA,NA,NA,38.5148,-121.4395,qr,EN,1,Alpha Ventura,12,2,NA,2,2,5,3,Provo,2,2,1,2,2,1,2,3,4,4,1,1,5,5,3,5,5,4,5,5,5,5,1,1,5,1,1,5,5,1,5,4,5,1,5,5,5,1,1,5,2,4,2,5,1,5,1,4,5,5,2,4,4,4,4,4,3,4,2,5,3,5,4,4,4,3,3,4,3,3,4,4,3,4,3,2,4,4,1,4.363636363636363,3.6923076923076925,3.5454545454545454,3.6666666666666665,3.466666666666667,NA,4,1
2025-10-29T10:52:38Z,2025-10-29T11:07:30Z,0,161.28.242.51,100,891,1,2025-10-29T11:07:31Z,R_3lralMeJJg7hJdt,NA,NA,NA,NA,40.2783,-111.7198,qr,EN,1,Upsilon Fairfield,12,1,61,NA,2,5,1,Sandy,1,2,1,2,2,2,2,2,4,1,1,1,4,4,4,4,3,4,4,3,3,4,3,2,4,4,3,3,2,4,3,3,4,3,3,2,3,2,2,NA,NA,NA,NA,NA,NA,NA,NA,NA,NA,NA,2,4,4,4,4,4,4,3,4,4,4,4,4,4,4,4,4,4,4,4,4,4,4,4,4,4,4,2,4,3.6363636363636362,3.1538461538461537,NA,3.75,4,NA,2,4
2025-10-29T10:52:12Z,2025-10-29T11:10:00Z,0,161.28.242.31,100,1068,1,2025-10-29T11:10:01Z,R_31uzOQc4CKFXuOf,NA,NA,NA,NA,40.2783,-111.7198,qr,EN,1,Delta Brockton,12,1,56,NA,2,5,1,Riverton,1,4,1,2,2,3,3,7,4,4,1,4,5,5,4,4,5,5,5,4,4,5,1,1,5,1,1,5,5,1,5,5,5,1,1,5,5,1,2,NA,NA,NA,NA,NA,NA,NA,NA,NA,NA,NA,1,5,5,5,5,5,5,5,5,5,5,5,5,4,5,4,5,5,4,5,4,5,5,5,5,4,5,5,1,4.2727272727272725,3.4615384615384617,NA,4.666666666666667,4.666666666666667,NA,5,1
2025-10-29T10:52:35Z,2025-10-29T11:10:43Z,0,161.28.242.53,100,1088,1,2025-10-29T11:10:44Z,R_1hLpe832reyRzWI,NA,NA,NA,NA,40.2783,-111.7198,qr,EN,1,Zeta Fargo,12,2,NA,1,2,5,1,Riverton,1,6,1,2,2,1,1,2,5,5,2,5,4,4,2,2,1,4,3,1,5,2,5,1,1,4,3,4,5,2,2,3,3,4,4,3,4,2,2,NA,NA,NA,NA,NA,NA,NA,NA,NA,NA,NA,3,3,4,4,4,5,4,2,5,4,2,5,4,4,5,5,4,5,5,2,4,4,5,4,2,2,4,2,4,3,3.230769230769231,NA,3.75,3.933333333333333,NA,2,4
2025-10-29T10:53:30Z,2025-10-29T11:21:56Z,0,161.28.242.77,100,1706,1,2025-10-29T11:21:57Z,R_3cdTUCwEtSyeVqN,NA,NA,NA,NA,40.2783,-111.7198,qr,EN,1,Tau Albany,12,2,NA,5,4,5,1,Sandy,1,4,1,1,2,1,2,2,5,5,1,3,5,5,5,4,5,2,4,4,2,4,2,1,5,2,5,5,5,2,5,2,5,1,5,5,5,1,2,NA,NA,NA,NA,NA,NA,NA,NA,NA,NA,NA,3,4,4,4,3,3,4,5,3,4,4,4,4,4,4,4,4,4,4,3,4,4,4,4,3,4,3,4,2,3.8181818181818183,4,NA,3.75,3.8,NA,4,2
2026-03-19T12:09:20Z,2026-03-19T12:14:53Z,0,161.28.242.140,100,332,1,2026-03-19T12:14:53Z,R_34NoMQMcfa9qUGl,NA,NA,NA,NA,40.2584,-111.6591,qr,EN,1,Kappa Montreal,12,1,5,NA,2,5,3,Orem,1,2,1,2,2,2,2,3,1,1,1,2,3,3,3,3,3,3,3,3,3,3,3,2,3,3,3,3,3,3,3,3,3,3,3,3,3,3,2,NA,NA,NA,NA,NA,NA,NA,NA,NA,NA,NA,3,3,4,3,3,4,3,3,3,3,3,3,3,3,3,3,3,3,3,3,3,3,3,3,3,3,3,3,3,3,3,NA,3.1666666666666665,3,NA,3,3
2026-03-19T12:09:20Z,2026-03-19T12:21:24Z,0,161.28.242.222,100,723,1,2026-03-19T12:21:24Z,R_5ncNq5VSz2qdbgx,NA,NA,NA,NA,40.2584,-111.6591,qr,EN,1,Upsilon Paradise,12,1,7,NA,2,4,3,Provo,2,4,1,2,2,1,1,2,2,1,1,2,3,3,2,3,2,3,3,3,3,3,3,2,3,2,3,3,3,2,3,3,3,3,3,3,3,3,2,NA,NA,NA,NA,NA,NA,NA,NA,NA,NA,NA,4,2,2,2,2,2,2,2,2,2,2,2,2,2,2,2,2,2,2,2,2,3,2,4,3,4,3,4,2,2.8181818181818183,2.8461538461538463,NA,2.1666666666666665,2.466666666666667,NA,4,2
2026-03-19T12:35:14Z,2026-03-19T12:39:12Z,0,161.28.242.65,100,237,1,2026-03-19T12:39:12Z,R_3e9zIxnmeWKs4jR,NA,NA,NA,NA,40.2584,-111.6591,qr,EN,1,Omega Budapest,12,2,NA,1,1,5,3,Vineyard,2,3,1,2,2,2,2,3,4,5,1,5,1,1,1,2,2,3,2,2,2,3,3,2,1,1,2,2,2,3,5,3,1,3,3,5,4,2,2,NA,NA,NA,NA,NA,NA,NA,NA,NA,NA,NA,3,5,3,2,3,3,3,4,3,1,1,1,4,3,4,5,4,3,4,4,4,3,4,3,1,1,2,3,4,2,2.6923076923076925,NA,2.6666666666666665,3.2666666666666666,NA,3,4
2026-03-19T12:36:23Z,2026-03-19T12:42:20Z,0,161.28.242.79,100,356,1,2026-03-19T12:42:20Z,R_1FImGIPnYulP0Y6,NA,NA,NA,NA,40.2584,-111.6591,qr,EN,1,Upsilon Dallas,12,1,8,NA,1,4,3,Provo,2,4,1,2,2,2,2,2,4,4,1,1,4,3,3,3,3,3,3,3,3,3,3,1,3,3,3,3,3,3,3,3,3,3,3,3,3,1,1,3,4,3,3,3,3,3,3,3,3,3,2,3,3,3,3,3,3,3,3,3,3,3,3,3,3,3,3,3,3,3,3,3,3,3,3,3,3,3,3,3.090909090909091,3,3.090909090909091,2.9166666666666665,3,NA,3,3
2026-03-19T12:36:44Z,2026-03-19T12:42:43Z,0,161.28.242.17,100,358,1,2026-03-19T12:42:43Z,R_7FIZS6FY90k61pw,NA,NA,NA,NA,40.2584,-111.6591,qr,EN,1,Omicron providence,12,1,11,NA,1,5,3,Provo,2,3,1,2,2,2,2,3,4,5,1,3,3,2,2,2,2,2,2,3,3,2,4,2,2,2,4,2,2,3,3,3,3,3,3,3,3,1,2,NA,NA,NA,NA,NA,NA,NA,NA,NA,NA,NA,3,3,3,3,3,3,3,3,3,3,3,3,3,3,3,3,3,3,3,3,3,3,3,3,3,3,3,3,3,2.4545454545454546,2.769230769230769,NA,3,3,NA,3,3
2026-03-19T12:34:36Z,2026-03-19T12:43:45Z,0,108.147.174.11,100,549,1,2026-03-19T12:43:45Z,R_7cnjAy8Q9ZMX62R,NA,NA,NA,NA,40.2584,-111.6591,qr,EN,1,Zeta Salinas,12,1,15,NA,1,45,3,Orem,2,3,1,2,2,2,2,2,3,5,1,3,4,4,4,4,4,4,4,2,2,4,2,2,4,4,2,4,4,4,4,4,4,4,2,4,4,1,1,4,4,4,4,4,4,2,4,4,4,4,2,2,4,2,4,4,4,4,4,4,4,4,4,2,4,4,4,4,4,4,4,2,4,4,4,4,4,4,4,3.4545454545454546,3.6923076923076925,3.8181818181818183,3.5,3.7333333333333334,NA,4,4
2026-03-19T12:33:53Z,2026-03-19T12:44:24Z,0,161.28.242.108,100,631,1,2026-03-19T12:44:25Z,R_6ZMLfugJCZsitLH,NA,NA,NA,NA,40.2584,-111.6591,qr,EN,1,Kappa Peterborough,12,2,NA,1,2,5,3,Orem,2,2,1,2,2,2,2,3,1,3,1,2,5,4,4,3,2,4,4,4,4,3,2,1,5,2,2,4,4,2,5,4,4,2,1,4,5,1,2,NA,NA,NA,NA,NA,NA,NA,NA,NA,NA,NA,3,4,4,3,3,4,4,3,4,5,4,4,3,3,4,4,4,4,4,3,4,4,3,3,3,4,4,4,3,3.5454545454545454,3.3846153846153846,NA,3.75,3.6,NA,4,3
2026-03-19T12:34:03Z,2026-03-19T12:46:33Z,0,172.56.205.238,100,749,1,2026-03-19T12:46:34Z,R_3Cq6jtPd5gOU2YA,NA,NA,NA,NA,47.6109,-122.3303,qr,EN,1,Beta Indianapolis,12,1,4,NA,2,5,3,Lehi,2,2,1,2,2,1,2,3,3,4,1,2,4,5,2,3,4,3,4,3,3,5,2,2,5,1,1,5,5,1,5,5,5,1,5,5,5,1,2,NA,NA,NA,NA,NA,NA,NA,NA,NA,NA,NA,1,5,4,4,4,4,4,5,4,5,4,4,4,1,4,4,4,4,4,4,4,2,4,4,4,4,4,5,2,3.4545454545454546,3.769230769230769,NA,4,3.6666666666666665,NA,5,2
2026-03-19T12:35:07Z,2026-03-19T12:46:36Z,0,172.56.205.40,100,689,1,2026-03-19T12:46:36Z,R_5xWW5oVPkx5HcWU,NA,NA,NA,NA,47.6109,-122.3303,qr,EN,1,Epsilon Washington,12,1,14,NA,2,4,3,Orem,1,3,2,1,2,1,1,2,3,1,2,2,5,4,5,3,5,2,4,4,2,4,2,1,5,2,3,4,4,2,4,2,4,2,2,3,5,1,1,5,1,5,1,5,1,5,1,4,5,5,5,4,5,4,5,5,5,5,5,5,5,5,2,1,5,5,2,5,5,5,4,2,5,5,5,5,5,2,2,3.6363636363636362,3.230769230769231,3.4545454545454546,4.833333333333333,4.066666666666666,NA,2,2
2026-03-19T12:34:04Z,2026-03-19T12:46:37Z,0,146.75.203.80,100,753,1,2026-03-19T12:46:38Z,R_5dWkGuwYHEkPIF8,NA,NA,NA,NA,40.7592,-111.8875,qr,EN,1,Caden Biddinger,15,1,4,NA,1,5,3,Mapleton,3,2,1,2,1,2,3,3,1,1,1,4,5,4,4,4,5,4,5,4,5,5,5,2,5,2,1,5,5,2,5,5,5,1,1,5,5,1,2,NA,NA,NA,NA,NA,NA,NA,NA,NA,NA,NA,1,1,5,4,5,5,5,5,5,5,5,5,3,3,4,4,4,3,3,5,4,4,4,5,5,5,5,1,1,4.545454545454546,3.6153846153846154,NA,4.25,4.066666666666666,NA,1,1
2026-03-19T12:33:29Z,2026-03-19T12:47:14Z,0,161.28.242.149,100,825,1,2026-03-19T12:47:14Z,R_1FxFmGgyjAOGBSs,NA,NA,NA,NA,40.2584,-111.6591,qr,EN,1,Gamma Thornton,12,1,14,NA,1,5,3,Provo,2,4,1,2,2,3,3,2,5,5,2,1,4,4,4,4,4,4,5,2,2,4,2,2,5,4,2,4,5,4,4,4,4,2,2,4,4,1,2,NA,NA,NA,NA,NA,NA,NA,NA,NA,NA,NA,2,4,4,4,4,2,4,4,4,4,2,4,4,2,2,4,4,4,4,4,4,4,4,4,4,4,4,1,5,3.5454545454545454,3.6923076923076925,NA,3.5,3.7333333333333334,NA,1,5
2026-03-19T12:34:38Z,2026-03-19T12:47:16Z,0,161.28.242.93,100,757,1,2026-03-19T12:47:17Z,R_7kxdRwCWs8lzN6x,NA,NA,NA,NA,40.2584,-111.6591,qr,EN,1,Upsilon clovis,12,1,13,NA,1,5,3,Orem,2,5,1,2,1,1,2,1,5,5,1,2,4,4,4,3,2,3,4,3,3,4,2,2,4,2,2,4,4,3,3,2,4,2,2,4,4,1,2,NA,NA,NA,NA,NA,NA,NA,NA,NA,NA,NA,2,2,2,3,4,4,4,4,4,4,4,4,4,4,4,4,4,4,4,4,4,3,4,4,4,4,4,4,3,3.272727272727273,3.076923076923077,NA,3.4166666666666665,3.933333333333333,NA,4,3
2026-03-19T12:35:47Z,2026-03-19T12:47:54Z,0,172.56.148.13,100,726,1,2026-03-19T12:47:55Z,R_3RWgUgwtVNiA1QB,NA,NA,NA,NA,43.6339,-116.2942,qr,EN,1,Kappa westminister,12,1,3,NA,1,1,3,Orem,3,3,1,1,2,2,2,1,1,6,1,2,5,5,5,4,4,5,5,5,5,4,1,2,5,4,1,5,5,1,5,5,1,1,1,5,5,1,2,NA,NA,NA,NA,NA,NA,NA,NA,NA,NA,NA,1,1,5,1,1,5,5,5,5,5,5,5,5,5,5,5,5,5,5,5,5,5,5,5,5,5,4,5,1,4.363636363636363,3.3846153846153846,NA,3.6666666666666665,4.933333333333334,NA,5,1
2026-03-19T12:37:42Z,2026-03-19T12:48:52Z,0,161.28.242.40,100,670,1,2026-03-19T12:48:53Z,R_1rw1W6GkBRF4xo5,NA,NA,NA,NA,40.2584,-111.6591,qr,EN,1,Rho Elisabeth,12,1,7,NA,2,5,3,Provo,1,4,1,2,2,1,2,2,2,4,1,4,5,5,3,5,5,4,5,4,4,4,5,1,5,1,1,5,5,2,5,4,4,1,1,5,5,1,1,5,4,5,3,5,1,1,2,4,3,4,2,4,4,3,4,5,5,5,5,5,5,5,5,5,5,5,5,5,5,5,5,5,5,5,5,5,5,3,3,4.454545454545454,3.3846153846153846,3.3636363636363638,4.333333333333333,5,NA,3,3
2026-03-19T12:37:03Z,2026-03-19T12:48:59Z,0,161.28.242.20,100,716,1,2026-03-19T12:49:00Z,R_1cnCe4CrupHg9s2,NA,NA,NA,NA,40.2584,-111.6591,qr,EN,1,Mu Denton,12,2,NA,4,1,5,1,Sandy,1,5,1,1,2,2,2,2,4,4,1,3,4,4,5,4,4,4,3,4,4,4,2,2,3,4,2,4,4,4,4,4,4,2,2,4,4,1,2,NA,NA,NA,NA,NA,NA,NA,NA,NA,NA,NA,2,4,4,4,4,3,4,3,4,4,4,4,3,4,4,4,3,4,4,3,4,4,4,4,4,4,4,4,2,3.8181818181818183,3.4615384615384617,NA,3.6666666666666665,3.8,NA,4,2
2026-03-19T12:33:36Z,2026-03-19T12:49:07Z,0,172.56.149.123,100,930,1,2026-03-19T12:49:07Z,R_3OZUPMRKorllm1M,NA,NA,NA,NA,43.6339,-116.2942,qr,EN,1,Sigma Portland,12,1,3,NA,1,5,3,Orem,1,2,1,2,2,1,1,2,5,4,2,4,3,4,4,3,3,5,3,4,2,3,2,1,4,3,3,3,3,3,2,4,4,3,3,3,3,1,1,4,1,5,1,5,1,1,1,1,4,4,2,4,4,4,4,4,4,4,4,4,4,4,4,4,4,4,4,4,4,4,4,4,4,4,4,4,4,3,2,3.272727272727273,3.1538461538461537,2.5454545454545454,3.8333333333333335,4,NA,3,2
2026-03-19T12:37:43Z,2026-03-19T12:49:28Z,0,161.28.242.139,100,705,1,2026-03-19T12:49:29Z,R_3CbiSXH61hcLmIF,NA,NA,NA,NA,40.2584,-111.6591,qr,EN,1,Rho Fayetteville,12,1,12,NA,1,5,3,Provo,1,3,1,2,2,2,2,3,2,2,2,1,3,3,2,3,3,3,3,3,4,4,2,2,3,3,3,3,3,3,3,3,3,3,3,3,3,2,2,NA,NA,NA,NA,NA,NA,NA,NA,NA,NA,NA,3,3,3,3,3,3,3,3,3,3,3,3,3,3,3,3,3,4,4,4,4,4,4,4,4,4,4,2,3,3,3,NA,3,3.6666666666666665,NA,2,3
2026-03-19T12:37:27Z,2026-03-19T12:50:05Z,0,161.28.242.95,100,757,1,2026-03-19T12:50:06Z,R_5D1RdqoKQbL9W3Z,NA,NA,NA,NA,40.2584,-111.6591,qr,EN,1,Delta Lincoln,15,1,3,NA,1,5,3,Highland,1,4,1,1,1,2,2,3,2,4,1,2,3,5,4,4,4,5,4,3,4,4,2,2,5,2,2,4,4,2,4,4,4,2,2,4,4,1,2,NA,NA,NA,NA,NA,NA,NA,NA,NA,NA,NA,2,4,4,4,4,4,4,4,4,4,4,4,4,4,4,4,4,4,4,4,4,4,4,4,4,4,4,4,2,3.8181818181818183,3.3076923076923075,NA,3.8333333333333335,4,NA,4,2
2026-03-19T12:35:45Z,2026-03-19T12:50:09Z,0,108.147.174.59,100,864,1,2026-03-19T12:50:10Z,R_31bqC6YlZucJtqE,NA,NA,NA,NA,33.5613,-112.1442,qr,EN,1,Zeta Tyler,12,1,12,NA,1,5,4,Vernal,1,6,1,2,2,2,2,2,4,2,2,4,5,4,4,5,4,3,5,4,4,4,2,2,5,2,1,5,5,2,4,5,5,1,1,5,5,1,2,NA,NA,NA,NA,NA,NA,NA,NA,NA,NA,NA,1,5,5,4,4,4,4,5,4,4,4,5,5,4,5,5,5,5,5,5,5,4,5,5,5,5,5,4,2,4,3.5384615384615383,NA,4.083333333333333,4.866666666666666,NA,4,2
2026-03-19T12:34:49Z,2026-03-19T12:50:10Z,0,161.28.242.21,100,921,1,2026-03-19T12:50:10Z,R_5WAwhnmqAJagsaR,NA,NA,NA,NA,40.2584,-111.6591,qr,EN,1,Tau Knoxville,15,1,11,NA,1,5,3,Orem,2,3,1,1,2,1,1,2,2,2,1,4,2,2,1,1,1,2,4,1,1,3,2,2,4,2,1,4,4,1,4,2,4,2,2,5,4,1,2,NA,NA,NA,NA,NA,NA,NA,NA,NA,NA,NA,1,4,4,4,4,5,4,4,4,3,4,5,4,4,5,5,4,4,4,3,4,5,4,5,5,4,4,5,1,1.8181818181818181,3,NA,3.8333333333333335,4.266666666666667,NA,5,1
2026-03-19T12:34:41Z,2026-03-19T12:50:10Z,0,161.28.242.68,100,928,1,2026-03-19T12:50:11Z,R_7owlAvBM5NKfuxW,NA,NA,NA,NA,40.2584,-111.6591,qr,EN,1,Omega Pasadena,12,1,2,NA,1,4,3,Provo,2,4,1,2,2,2,3,3,3,1,1,1,4,4,4,4,4,4,4,4,4,4,2,1,4,2,1,4,4,1,4,4,4,1,4,5,4,1,1,3,4,4,3,4,3,3,2,3,3,3,2,2,4,4,4,4,4,4,4,4,4,4,4,4,4,4,4,4,4,4,4,4,4,4,4,4,4,5,1,3.8181818181818183,3.230769230769231,3.1818181818181817,3.6666666666666665,4,NA,5,1
2026-03-19T12:36:07Z,2026-03-19T12:50:31Z,0,161.28.242.111,100,863,1,2026-03-19T12:50:31Z,R_1d41BGsxmcGw9SV,NA,NA,NA,NA,40.2584,-111.6591,qr,EN,1,Omega Centennial,12,2,NA,4,2,5,3,Lehi,1,4,1,2,2,1,3,2,2,4,2,4,3,4,3,3,2,2,4,3,3,3,3,2,4,4,2,4,4,4,4,5,5,2,2,4,4,1,2,NA,NA,NA,NA,NA,NA,NA,NA,NA,NA,NA,2,4,4,4,5,4,4,5,4,3,4,5,4,4,5,4,4,5,4,4,4,4,3,4,5,5,4,4,3,3,3.6923076923076925,NA,4,4.2,NA,4,3
2026-03-19T12:23:46Z,2026-03-19T12:50:31Z,0,161.28.242.104,100,1604,1,2026-03-19T12:50:32Z,R_7OqzxhD0PQ3Xynq,NA,NA,NA,NA,40.65,-112.0061,qr,EN,1,Lambda Scottdale,12,1,6,NA,1,5,3,Spanish Fork,1,5,1,1,2,3,2,5,1,5,2,3,3,2,2,3,3,3,4,2,2,4,3,2,4,2,5,3,2,2,4,4,4,2,4,2,4,1,1,4,5,4,5,3,3,3,2,4,3,4,3,4,4,3,3,3,4,4,4,4,3,4,3,5,3,4,4,3,3,3,3,3,4,4,3,3,4,2,2,2.8181818181818183,3.230769230769231,3.6363636363636362,3.5833333333333335,3.466666666666667,NA,2,2
2026-03-19T12:34:49Z,2026-03-19T12:50:38Z,0,174.252.226.117,100,948,1,2026-03-19T12:50:39Z,R_3SieRr8vcCwjEzU,NA,NA,NA,NA,40.6118,-111.9008,qr,EN,1,Rho Edinburg,15,1,4,NA,1,5,3,Orem,2,6,1,2,2,1,2,3,3,5,2,1,3,4,3,2,2,4,4,3,4,2,4,1,2,1,2,3,2,2,2,4,3,4,4,3,2,1,2,NA,NA,NA,NA,NA,NA,NA,NA,NA,NA,NA,2,4,3,2,3,3,3,2,3,2,2,4,3,3,3,4,3,3,3,3,4,4,3,4,4,4,4,3,3,3.1818181818181817,2.6153846153846154,NA,2.75,3.466666666666667,NA,3,3
2026-03-19T12:35:27Z,2026-03-19T12:50:49Z,0,161.28.242.141,100,921,1,2026-03-19T12:50:49Z,R_1jZfU3HV1IsCh8H,NA,NA,NA,NA,40.2584,-111.6591,qr,EN,1,Gamma Saskatoon,12,2,NA,5,1,4,3,Vineyard,1,4,1,2,1,1,2,2,4,7,1,2,4,4,4,3,4,2,3,4,4,4,1,2,5,2,1,5,5,2,5,5,5,1,5,4,5,1,2,NA,NA,NA,NA,NA,NA,NA,NA,NA,NA,NA,2,4,4,3,4,5,4,4,4,4,4,4,3,4,4,4,4,4,4,4,4,4,3,4,4,4,3,3,3,3.3636363636363638,3.8461538461538463,NA,3.8333333333333335,3.8,NA,3,3
2026-03-19T12:35:50Z,2026-03-19T12:51:02Z,0,161.28.242.89,100,911,1,2026-03-19T12:51:03Z,R_15F18Ag57BDv8ew,NA,NA,NA,NA,40.2584,-111.6591,qr,EN,1,Upsilon Torrance,12,1,22,NA,1,5,3,Orem,2,2,1,2,2,2,2,3,4,4,2,2,5,5,5,5,5,5,4,4,4,5,1,2,5,4,2,4,5,3,4,4,4,1,1,4,4,1,2,NA,NA,NA,NA,NA,NA,NA,NA,NA,NA,NA,3,4,4,4,4,4,4,4,4,4,4,4,4,4,4,4,5,4,4,4,5,5,4,4,4,4,4,4,2,4.363636363636363,3.4615384615384617,NA,3.9166666666666665,4.2,NA,4,2
2026-03-19T12:33:41Z,2026-03-19T12:52:35Z,0,161.28.242.19,100,1133,1,2026-03-19T12:52:35Z,R_5t471oeBrREkqUp,NA,NA,NA,NA,40.2584,-111.6591,qr,EN,1,Lambda midland,12,1,9,NA,2,5,3,Orem Ut,1,7,1,1,2,1,2,2,2,4,1,4,3,3,4,4,4,3,3,3,2,3,4,1,4,2,2,4,4,2,4,4,4,2,2,4,5,1,2,NA,NA,NA,NA,NA,NA,NA,NA,NA,NA,NA,3,3,4,4,4,4,2,2,4,4,3,4,4,4,4,3,4,4,4,4,4,4,4,4,4,3,3,5,1,3.272727272727273,3.3076923076923075,NA,3.4166666666666665,3.8,NA,5,1
2026-03-19T12:35:19Z,2026-03-19T12:52:38Z,0,161.28.242.97,100,1038,1,2026-03-19T12:52:38Z,R_6bAaHovQC0jXez7,NA,NA,NA,NA,40.2584,-111.6591,qr,EN,1,Epsilon Davenport,12,2,NA,3,2,5,3,Provo,1,3,1,2,2,1,3,3,4,4,1,4,4,3,4,4,4,3,4,2,2,3,3,1,4,1,3,3,3,3,3,3,4,2,2,3,4,2,1,3,5,4,5,3,4,3,3,3,3,3,3,3,3,3,4,4,3,4,4,4,4,3,3,3,3,3,3,3,4,4,3,3,3,3,3,3,3,5,1,3.272727272727273,2.923076923076923,3.5454545454545454,3.5,3.1333333333333333,NA,5,1
2026-03-19T12:34:36Z,2026-03-19T12:54:12Z,0,174.220.181.189,100,1175,1,2026-03-19T12:54:12Z,R_7bOCOdNOX2XGCJI,NA,NA,NA,NA,40.6118,-111.9008,qr,EN,1,Zeta Lubbock,12,1,13,NA,1,5,1,Orem,1,4,1,2,2,2,2,2,1,5,1,4,3,4,3,3,3,3,3,3,3,3,3,2,4,4,2,2,3,4,3,4,4,2,2,4,4,1,2,NA,NA,NA,NA,NA,NA,NA,NA,NA,NA,NA,2,4,4,3,4,4,4,4,4,4,4,4,4,4,4,4,4,4,4,4,4,4,4,4,4,4,4,4,2,3.090909090909091,3.230769230769231,NA,3.75,4,NA,4,2
2026-03-19T12:34:20Z,2026-03-19T12:54:48Z,0,107.115.41.10,100,1228,1,2026-03-19T12:54:49Z,R_7hxIiiSsa5Sup2V,NA,NA,NA,NA,36.115,-115.2165,qr,EN,1,Tau Omaha,12,1,18,NA,2,5,3,Orem,2,4,1,2,2,1,1,2,4,5,2,1,3,3,3,3,3,3,3,3,3,2,3,2,5,4,1,3,5,4,5,5,5,3,1,5,5,1,2,NA,NA,NA,NA,NA,NA,NA,NA,NA,NA,NA,2,4,4,4,4,4,4,4,4,3,4,4,4,4,4,4,4,4,4,4,4,4,4,4,4,4,4,5,1,2.909090909090909,3.923076923076923,NA,3.75,4,NA,5,1
2026-03-19T12:35:28Z,2026-03-19T12:55:14Z,0,161.28.242.66,100,1185,1,2026-03-19T12:55:14Z,R_5rVxEJfzkuKPk9b,NA,NA,NA,NA,40.2584,-111.6591,qr,EN,1,Omicron Dallas,15,2,NA,2,1,4,3,Orem,1,3,1,2,2,2,2,2,4,2,1,3,3,2,5,2,2,5,5,5,4,5,4,1,5,1,3,5,4,1,5,5,5,1,5,4,5,1,1,4,5,4,5,3,3,5,3,3,3,4,4,2,2,5,2,4,2,1,1,2,4,4,2,5,2,2,1,1,2,3,2,5,2,4,2,2,2,5,1,3.8181818181818183,3.769230769230769,3.8181818181818183,2.75,2.466666666666667,NA,5,1
2026-03-19T12:34:57Z,2026-03-19T12:55:53Z,0,161.28.242.106,100,1255,1,2026-03-19T12:55:53Z,R_1oNi50ixl28ARBy,NA,NA,NA,NA,40.2584,-111.6591,qr,EN,1,Kappa Burbank,12,1,12,NA,2,25,3,Provo,1,6,1,2,1,1,2,3,3,2,1,1,3,4,5,5,2,4,5,3,2,5,2,1,5,5,1,5,5,5,5,5,5,1,1,5,5,1,2,NA,NA,NA,NA,NA,NA,NA,NA,NA,NA,NA,2,5,5,4,5,5,5,5,4,4,5,5,5,5,5,4,5,5,5,5,5,5,5,5,5,5,5,5,1,3.6363636363636362,4.076923076923077,NA,4.5,4.933333333333334,NA,5,1
2026-03-19T12:36:00Z,2026-03-19T12:56:10Z,0,172.59.153.114,100,1210,1,2026-03-19T12:56:10Z,R_3DefphYfP04URPo,NA,NA,NA,NA,40.65,-112.0061,qr,EN,1,Delta Provo,12,1,18,NA,2,5,3,Orem,2,2,1,1,1,1,1,2,3,1,1,1,5,3,3,3,3,3,3,4,4,4,2,2,4,4,3,2,3,4,4,3,3,3,3,3,3,1,2,NA,NA,NA,NA,NA,NA,NA,NA,NA,NA,NA,2,4,4,4,4,4,4,4,4,4,4,4,4,4,4,4,4,4,4,4,4,4,4,4,4,4,4,4,2,3.3636363636363638,3.230769230769231,NA,3.8333333333333335,4,NA,4,2
2026-03-19T12:39:55Z,2026-03-19T12:56:50Z,0,172.56.169.71,100,1014,1,2026-03-19T12:56:50Z,R_6mb2rpAAqm3X2XE,NA,NA,NA,NA,40.2584,-111.6591,qr,EN,1,Epsilon Antioch,12,2,NA,6,1,5,3,Provo,1,5,1,2,2,1,2,3,4,4,1,2,2,4,2,4,4,4,4,2,2,5,2,2,5,2,2,1,5,2,4,5,5,1,1,5,5,1,2,NA,NA,NA,NA,NA,NA,NA,NA,NA,NA,NA,2,4,4,2,4,5,5,5,4,4,4,5,3,2,3,4,4,4,4,4,2,2,4,4,4,3,4,5,2,3.1818181818181817,3.3076923076923075,NA,4,3.4,NA,5,2
2026-03-19T12:36:15Z,2026-03-19T13:00:09Z,0,174.204.0.107,100,1433,1,2026-03-19T13:00:09Z,R_5UUiiALXg555Hwt,NA,NA,NA,NA,40.2584,-111.6591,qr,EN,1,Rho Bend,12,1,12,NA,1,5,3,American Fork,1,5,1,1,1,1,3,2,4,5,2,3,3,3,4,4,4,4,4,4,4,4,2,2,5,4,1,4,4,4,4,4,5,1,1,4,4,1,2,NA,NA,NA,NA,NA,NA,NA,NA,NA,NA,NA,2,4,4,3,3,4,4,4,3,4,4,4,4,4,4,4,4,4,4,4,4,4,4,4,4,4,4,4,2,3.6363636363636362,3.4615384615384617,NA,3.5833333333333335,4,NA,4,2
2026-03-19T12:35:30Z,2026-03-19T13:00:41Z,0,161.28.242.63,100,1510,1,2026-03-19T13:00:41Z,R_6Ev0avRYwccfHb1,NA,NA,NA,NA,40.2584,-111.6591,qr,EN,1,Gamma Rome,16,1,2,NA,1,5,3,American Fork,1,4,1,2,2,1,2,3,5,4,2,3,4,4,3,4,4,3,3,4,4,3,2,2,5,3,1,3,4,2,4,5,4,1,1,4,5,1,2,NA,NA,NA,NA,NA,NA,NA,NA,NA,NA,NA,2,4,3,3,4,3,4,4,3,4,3,4,3,4,3,4,3,4,3,4,4,4,3,4,4,4,4,5,1,3.4545454545454546,3.230769230769231,NA,3.4166666666666665,3.6666666666666665,NA,5,1
2026-03-19T12:35:21Z,2026-03-19T13:01:09Z,0,172.56.148.161,100,1548,1,2026-03-19T13:01:10Z,R_649KYOj2bvrx2Jr,NA,NA,NA,NA,40.2584,-111.6591,qr,EN,1,Upsilon Austin,12,2,NA,5,2,5,3,Lehi,3,3,1,2,2,1,1,3,5,1,1,4,5,5,3,2,5,2,2,2,2,3,2,1,4,3,3,4,3,3,4,2,3,2,3,3,4,2,1,5,1,5,1,2,2,1,5,5,4,4,3,2,2,4,4,4,3,3,3,4,3,4,2,4,5,3,4,3,3,3,3,3,4,4,4,4,2,2,3,3,3.1538461538461537,3.1818181818181817,3.25,3.4,NA,2,3
2026-03-19T12:37:54Z,2026-03-19T13:02:42Z,0,172.224.247.74,100,1488,1,2026-03-19T13:02:43Z,R_14Pcp5g7IuPC9jj,NA,NA,NA,NA,40.3119,-111.6959,qr,EN,1,Rho Waterbury,12,1,5,NA,2,5,1,Riverton,1,5,1,2,2,1,1,2,2,5,1,5,3,2,1,3,4,4,2,2,2,4,2,2,4,4,3,3,5,4,5,5,5,1,5,3,5,2,1,5,4,5,4,4,1,5,4,4,4,4,1,5,5,5,5,5,5,5,5,5,5,5,5,5,5,5,5,5,5,5,5,5,4,4,4,4,5,4,3,2.6363636363636362,4,4,4.666666666666667,4.733333333333333,NA,4,3
2026-03-19T12:35:01Z,2026-03-19T13:03:32Z,0,161.28.242.239,100,1710,1,2026-03-19T13:03:32Z,R_5q1tJScgSmHeFhH,NA,NA,NA,NA,40.2584,-111.6591,qr,EN,1,Tau Oxnard,15,1,1,NA,2,5,5,Bountiful,1,3,1,1,2,1,1,3,1,2,1,4,2,4,1,3,1,3,3,2,2,3,5,2,4,4,3,2,4,4,3,3,3,4,2,3,4,1,1,4,5,3,5,3,3,3,3,3,1,2,4,2,2,2,4,3,3,3,2,2,4,5,2,4,2,2,3,3,2,2,2,4,2,4,2,3,3,5,1,2.6363636363636362,3.3076923076923075,3.1818181818181817,3,2.6666666666666665,NA,5,1
2026-03-19T12:34:33Z,2026-03-19T13:04:41Z,0,172.56.148.111,100,1808,1,2026-03-19T13:04:42Z,R_7SuomF5DpyOaMHn,NA,NA,NA,NA,43.6339,-116.2942,qr,EN,1,Beta Greeley,12,1,13,NA,1,4,3,Provo,4,3,2,2,2,3,3,2,1,7,1,2,2,3,2,2,2,3,3,2,2,2,4,2,5,3,1,4,4,3,5,4,4,1,1,4,5,1,1,4,2,5,2,3,2,2,2,3,4,4,3,4,4,4,4,4,4,4,4,4,4,4,4,4,4,4,4,4,4,4,4,4,4,4,4,4,4,4,2,2.4545454545454546,3.3846153846153846,3,3.9166666666666665,4,NA,4,2
2026-03-19T12:37:53Z,2026-03-19T13:05:39Z,0,161.28.242.123,100,1666,1,2026-03-19T13:05:40Z,R_1DZODwCijrzp3jJ,NA,NA,NA,NA,40.2584,-111.6591,qr,EN,1,Zeta Providence,12,1,15,NA,1,5,3,Lehi,3,2,1,2,2,2,2,2,4,5,1,1,2,3,2,2,2,3,4,2,2,3,5,2,5,2,5,5,5,2,1,5,5,2,1,5,5,1,1,3,4,4,4,2,2,2,2,5,4,4,1,4,4,4,4,3,4,4,4,2,4,4,4,2,4,4,4,4,4,4,4,4,4,4,4,4,4,4,2,2.727272727272727,3.6923076923076925,3.272727272727273,3.5,3.8666666666666667,NA,4,2
2026-03-19T12:39:17Z,2026-03-19T13:07:46Z,0,161.28.242.141,100,1708,1,2026-03-19T13:07:46Z,R_5laY3L6GoqG28b5,NA,NA,NA,NA,40.2584,-111.6591,qr,EN,1,Tau Bakersfield,12,2,NA,6,2,5,3,Orem,2,6,1,2,2,1,3,2,4,5,1,1,4,5,4,5,4,3,3,5,5,3,1,2,4,1,1,5,5,1,2,5,5,1,1,5,5,1,2,NA,NA,NA,NA,NA,NA,NA,NA,NA,NA,NA,2,3,4,3,4,3,4,5,5,4,4,5,4,3,5,4,4,4,4,5,5,4,4,5,5,4,4,4,3,3.8181818181818183,3.1538461538461537,NA,3.8333333333333335,4.266666666666667,NA,4,3
2026-03-19T12:40:50Z,2026-03-19T13:17:08Z,0,161.28.242.79,100,2177,1,2026-03-19T13:17:08Z,R_6rNy7Gdu56jZ9kW,NA,NA,NA,NA,40.2584,-111.6591,qr,EN,1,Delta Beaumont,12,2,NA,7,1,5,3,Orem,1,8,1,2,2,1,2,2,4,2,1,2,3,3,3,3,3,3,3,3,3,3,3,2,4,4,2,4,4,4,4,4,4,2,2,4,4,1,1,4,1,5,2,4,2,2,3,3,3,4,2,3,2,3,4,4,4,4,3,3,3,4,3,3,4,3,4,4,4,4,4,4,2,4,4,3,4,3,3,3,3.5384615384615383,3,3.25,3.6,NA,3,3
2026-03-19T12:36:06Z,2026-03-19T13:21:04Z,0,205.118.97.2,100,2697,1,2026-03-19T13:21:04Z,R_5KnE6NNtKzeshYB,NA,NA,NA,NA,40.2584,-111.6591,qr,EN,1,Delta Chandler,12,2,NA,2,1,5,3,Lehi,1,4,1,2,2,1,1,2,2,4,1,4,5,5,5,5,5,4,5,5,5,5,2,2,5,1,1,5,5,1,5,4,5,1,5,5,5,1,2,NA,NA,NA,NA,NA,NA,NA,NA,NA,NA,NA,2,4,4,3,4,4,4,4,4,4,4,4,4,4,4,4,4,4,4,4,4,4,4,4,4,4,4,5,1,4.636363636363637,3.6923076923076925,NA,3.75,4,NA,5,1
2026-03-19T12:38:03Z,2026-03-19T13:22:05Z,0,172.56.168.148,100,2642,1,2026-03-19T13:22:05Z,R_7kzSMLVjaD9TVqV,NA,NA,NA,NA,38.4799,-121.4451,qr,EN,1,Tau Pueblo,12,1,6,NA,1,5,3,Cedar Hills,3,3,1,2,1,2,1,3,5,3,2,3,2,3,2,3,1,3,2,4,3,3,5,2,4,3,3,4,3,3,2,4,4,4,4,2,3,1,2,NA,NA,NA,NA,NA,NA,NA,NA,NA,NA,NA,4,2,2,3,2,3,3,3,3,2,2,2,2,4,2,2,2,3,2,3,3,4,2,2,2,2,2,4,2,2.8181818181818183,3.3076923076923075,NA,2.5833333333333335,2.466666666666667,NA,4,2
2026-03-19T12:35:50Z,2026-03-19T13:31:19Z,0,172.226.3.108,100,3329,1,2026-03-19T13:31:19Z,R_3Uc0bJx6FGQdSs2,NA,NA,NA,NA,40.3119,-111.6959,qr,EN,1,upsilon phoenix,12,1,1,NA,2,234,1,Bluffdale,3,5,1,2,2,1,1,2,1,5,1,5,3,3,3,3,3,3,3,3,3,3,3,2,5,5,1,5,5,2,5,5,5,3,5,5,5,1,2,NA,NA,NA,NA,NA,NA,NA,NA,NA,NA,NA,2,2,4,2,4,5,5,5,5,5,5,5,5,4,5,5,5,5,5,5,5,5,4,4,4,4,4,4,2,3,4.3076923076923075,NA,4.083333333333333,4.6,NA,4,2
2026-03-19T12:34:42Z,2026-03-19T13:34:51Z,0,172.56.14.221,100,3609,1,2026-03-19T13:34:52Z,R_6MgAjewv0VEYKAx,NA,NA,NA,NA,40.2584,-111.6591,qr,EN,1,Camille Del Lago,15,1,17,NA,2,4,3,Eagle Mountain,1,5,1,1,1,1,1,1,1,4,1,4,1,3,1,3,1,3,3,1,1,5,5,2,5,1,1,4,5,1,1,4,5,1,1,4,5,1,2,NA,NA,NA,NA,NA,NA,NA,NA,NA,NA,NA,1,5,5,4,5,3,5,5,3,5,5,5,5,5,5,3,5,5,5,5,5,5,5,5,5,5,5,1,2,2.4545454545454546,2.923076923076923,NA,4.25,4.866666666666666,NA,1,2
2026-03-19T13:28:04Z,2026-03-19T13:48:11Z,0,146.75.203.76,100,1206,1,2026-03-19T13:48:11Z,R_3w6zoplfLmWGMx3,NA,NA,NA,NA,40.3119,-111.6959,qr,EN,1,Delta Clovis,12,1,13,NA,2,4,3,Orem,2,4,1,2,2,1,1,2,4,4,1,3,2,3,2,3,2,3,3,3,3,3,4,2,5,4,1,2,5,4,5,5,5,1,1,5,5,1,1,4,4,3,4,3,1,1,3,3,5,5,3,2,2,5,3,2,2,5,2,5,2,5,4,2,1,4,5,4,4,4,4,5,4,4,4,4,4,4,3,2.8181818181818183,3.6923076923076925,3.272727272727273,3.1666666666666665,3.8,NA,4,3
2026-03-19T13:36:46Z,2026-03-19T14:06:27Z,0,172.59.152.52,100,1780,1,2026-03-19T14:06:27Z,R_3EhX9cG51Xw2Yeo,NA,NA,NA,NA,40.65,-112.0061,qr,EN,1,Rho Quincy,12,1,10,NA,1,5,7,Midway,1,5,1,2,1,1,2,2,4,4,1,5,3,4,2,2,2,1,3,1,2,3,2,1,4,3,2,3,4,3,4,2,3,2,2,4,4,1,1,4,4,4,4,3,2,2,5,5,4,4,2,4,4,4,4,4,4,4,2,4,4,4,2,2,4,2,2,4,4,4,4,4,2,4,2,2,3,5,1,2.272727272727273,3.076923076923077,3.727272727272727,3.6666666666666665,3,NA,5,1
2026-03-19T14:11:49Z,2026-03-19T14:21:56Z,0,108.147.174.40,100,606,1,2026-03-19T14:21:57Z,R_5C72XyyPXl2Wu7C,NA,NA,NA,NA,33.5613,-112.1442,qr,EN,1,Kappa Langley,12,1,6,NA,2,5,5,Clinton,1,6,1,2,2,2,2,2,4,2,1,3,2,3,2,3,2,3,3,2,2,4,4,2,4,2,3,4,4,2,4,4,4,1,2,3,4,1,2,NA,NA,NA,NA,NA,NA,NA,NA,NA,NA,NA,3,3,3,4,3,3,3,3,3,3,3,3,3,3,3,3,3,3,3,3,3,3,3,4,4,3,3,3,3,2.727272727272727,3.1538461538461537,NA,3.0833333333333335,3.1333333333333333,NA,3,3
2026-03-19T12:36:22Z,2026-03-19T14:46:06Z,0,172.59.155.159,100,7783,1,2026-03-19T14:46:06Z,R_6xY4T9lxOUjSfKC,NA,NA,NA,NA,40.65,-112.0061,qr,EN,1,Zeta Edmonton,12,1,3,NA,2,5,5,Farmington,1,3,1,1,2,3,2,3,4,1,1,3,3,4,3,3,3,4,4,4,4,3,2,2,5,3,1,4,5,2,5,3,4,2,1,1,4,1,2,NA,NA,NA,NA,NA,NA,NA,NA,NA,NA,NA,4,2,2,2,3,3,3,4,3,2,3,4,3,3,3,3,2,2,3,4,3,4,4,4,3,2,4,3,2,3.3636363636363638,3.076923076923077,NA,2.9166666666666665,3.1333333333333333,NA,3,2
2026-03-19T12:35:55Z,2026-03-19T16:50:35Z,0,172.225.198.99,100,15280,1,2026-03-19T16:50:36Z,R_11Bz54n0YtWstB7,NA,NA,NA,NA,40.3119,-111.6959,qr,EN,1,Alpha Milton,12,2,NA,2,2,4,3,Provo,1,7,2,1,1,1,2,3,4,1,1,4,5,4,3,4,5,5,5,5,5,4,1,1,5,2,2,4,5,2,5,5,4,1,1,4,5,1,2,NA,NA,NA,NA,NA,NA,NA,NA,NA,NA,NA,2,4,4,3,4,4,4,5,3,5,4,5,4,4,4,4,4,5,5,5,5,1,4,4,4,4,5,2,4,4.181818181818182,3.4615384615384617,NA,3.9166666666666665,4.133333333333334,NA,2,4
2026-03-19T14:02:48Z,2026-03-19T17:24:03Z,0,161.28.242.20,100,12074,1,2026-03-19T17:24:04Z,R_6wRKALEfJNNj0XL,NA,NA,NA,NA,40.2584,-111.6591,qr,EN,1,Rho Toronto,12,1,16,NA,2,5,3,Lehi,3,3,1,2,2,1,2,3,1,1,1,4,3,5,2,3,3,2,4,2,2,3,3,2,5,2,2,4,3,2,4,3,5,2,3,4,4,1,2,NA,NA,NA,NA,NA,NA,NA,NA,NA,NA,NA,3,3,3,3,2,2,3,4,2,3,3,4,3,4,3,3,3,3,3,3,3,3,4,4,3,2,3,5,1,2.909090909090909,3.3076923076923075,NA,2.9166666666666665,3.1333333333333333,NA,5,1
2026-03-19T17:29:54Z,2026-03-19T17:42:17Z,0,162.218.217.71,100,742,1,2026-03-19T17:42:17Z,R_3xhrTGHEc6c1QMF,NA,NA,NA,NA,40.2783,-111.7198,qr,EN,1,Rho Chico,15,2,NA,7,2,5,3,Orem,2,4,1,2,2,1,3,2,4,3,1,2,1,1,3,4,4,3,4,4,4,4,2,2,5,1,1,5,5,1,5,5,5,1,1,5,5,1,1,5,2,5,1,5,1,1,1,3,4,5,2,4,4,5,4,4,4,4,4,4,4,5,4,4,4,4,4,4,4,5,4,4,4,5,5,5,4,4,2,3.090909090909091,3.4615384615384617,3,4,4.266666666666667,NA,4,2
2026-03-19T12:34:35Z,2026-03-19T18:17:34Z,0,161.28.242.141,100,20578,1,2026-03-19T18:17:35Z,R_1ikxyfF5d3cn0Yu,NA,NA,NA,NA,40.2584,-111.6591,qr,EN,1,Tau Winnipeg,12,2,NA,4,1,5,3,Orem,5,2,1,2,2,1,2,2,4,5,1,1,5,4,1,3,5,3,5,3,3,4,2,2,5,1,2,5,5,1,5,5,5,1,5,3,5,1,1,5,1,5,1,3,2,1,2,4,4,4,3,2,3,5,3,4,4,4,4,3,4,4,4,4,3,4,4,4,4,4,4,4,3,4,4,4,4,4,2,3.4545454545454546,3.6923076923076925,2.909090909090909,3.5833333333333335,3.8666666666666667,NA,4,2
2026-03-19T13:59:24Z,2026-03-19T18:33:00Z,0,107.115.41.35,100,16416,1,2026-03-19T18:33:00Z,R_3VvOwSSJBetzZkd,NA,NA,NA,NA,40.1792,-111.5359,qr,EN,1,Tau Berkeley,12,2,NA,5,2,5,3,Vineyard,2,2,1,2,2,1,1,2,2,4,1,5,3,4,3,3,5,4,5,3,3,4,2,2,5,1,5,5,5,1,4,5,5,1,5,5,5,1,2,NA,NA,NA,NA,NA,NA,NA,NA,NA,NA,NA,3,2,4,3,4,4,2,4,2,4,2,4,2,3,4,4,3,4,2,4,4,4,2,4,4,4,4,4,2,3.5454545454545454,4,NA,3.1666666666666665,3.466666666666667,NA,4,2
2026-03-19T20:56:51Z,2026-03-19T21:19:24Z,0,67.214.225.137,100,1352,1,2026-03-19T21:19:25Z,R_77dodr0LcLRkb8B,NA,NA,NA,NA,40.2584,-111.6591,qr,EN,1,Mu Orange,12,2,NA,3,2,35,3,Provo,2,4,1,2,2,2,1,2,2,4,1,4,3,4,1,3,4,3,3,3,3,3,3,2,4,1,3,3,2,3,4,3,3,2,3,3,4,2,2,NA,NA,NA,NA,NA,NA,NA,NA,NA,NA,NA,2,4,2,4,4,4,3,5,3,5,4,4,3,4,4,4,3,3,3,4,4,4,4,5,3,3,3,3,3,3,2.923076923076923,NA,3.6666666666666665,3.6,NA,3,3
2026-03-19T21:38:43Z,2026-03-19T21:45:30Z,0,38.94.245.111,100,407,1,2026-03-19T21:45:31Z,R_7dyDE76MiJWV0Fu,NA,NA,NA,NA,40.7592,-111.8875,qr,EN,1,Omicron Dallas,15,2,NA,2,1,4,3,orem,1,3,1,2,2,2,2,2,4,2,1,3,5,4,3,1,4,5,5,5,5,5,2,1,5,1,5,5,4,1,3,5,5,2,5,1,3,1,1,3,1,2,3,3,3,3,4,4,1,1,5,2,2,2,2,3,3,3,3,2,1,3,4,3,1,1,2,3,5,3,1,2,3,3,5,2,2,4,2,4,3.4615384615384617,2.5454545454545454,2.5833333333333335,2.6666666666666665,NA,4,2
2026-03-19T12:33:44Z,2026-03-19T23:00:20Z,0,174.230.193.67,100,37595,1,2026-03-19T23:00:21Z,R_72Ma1DdgUqcgdnD,NA,NA,NA,NA,40.6118,-111.9008,qr,EN,1,Tau Waterloo,12,1,9,NA,1,2,3,Orem,2,1,1,2,2,3,3,1,4,1,2,1,5,4,5,4,5,5,4,4,4,4,2,1,5,4,3,3,4,4,4,3,3,3,3,3,4,1,1,5,3,5,3,4,2,2,2,2,4,4,1,5,5,5,4,4,4,5,4,4,4,5,4,4,4,4,4,4,4,4,4,4,4,4,4,5,4,4,1,4.181818181818182,3.5384615384615383,3.272727272727273,4.166666666666667,4.066666666666666,NA,4,1
2026-03-20T10:39:43Z,2026-03-20T11:11:37Z,0,158.120.39.192,100,1914,1,2026-03-20T11:11:38Z,R_1RflT9pkdlKRWkI,NA,NA,NA,NA,40.3598,-111.7304,qr,EN,1,Rho Toledo,12,2,NA,6,4,5,3,Pleasant Grove,1,5,1,2,2,1,1,3,4,4,2,3,4,4,3,4,3,3,4,4,4,4,2,2,5,2,2,4,4,2,4,4,4,1,2,4,4,1,2,NA,NA,NA,NA,NA,NA,NA,NA,NA,NA,NA,2,4,4,4,4,3,4,4,3,4,3,4,4,4,4,4,4,4,4,4,4,4,4,4,4,3,5,4,2,3.5454545454545454,3.230769230769231,NA,3.5833333333333335,4,NA,4,2
2026-03-21T21:55:50Z,2026-03-21T22:09:36Z,0,69.162.231.94,100,825,1,2026-03-21T22:09:36Z,R_6QyAzZpm8IAwVKS,NA,NA,NA,NA,40.2783,-111.7198,qr,EN,1,Tau Bakersfield,12,2,NA,6,2,5,3,Orem,2,6,1,2,2,1,3,2,4,5,1,1,3,3,2,3,2,4,5,5,1,4,1,2,4,1,1,5,5,1,2,5,5,1,1,5,5,1,2,NA,NA,NA,NA,NA,NA,NA,NA,NA,NA,NA,2,4,4,4,4,5,5,5,5,5,4,5,4,4,5,4,4,4,4,5,5,4,4,5,5,4,4,3,2,3,3.1538461538461537,NA,4.333333333333333,4.333333333333333,NA,3,2
2026-03-19T12:36:09Z,2026-03-23T22:45:45Z,0,66.219.198.250,100,382176,1,2026-03-23T22:45:46Z,R_5MwTVy4K7Ezf1p7,NA,NA,NA,NA,40.2584,-111.6591,qr,EN,1,Lambda Madrid,12,1,8,NA,1,7,3,Vineyard,2,3,1,2,2,1,2,2,1,1,1,1,3,3,4,1,1,1,1,5,1,1,1,2,3,3,3,2,2,3,3,3,3,3,3,3,3,2,2,NA,NA,NA,NA,NA,NA,NA,NA,NA,NA,NA,1,5,4,5,4,4,4,3,3,3,4,4,3,3,3,4,3,3,3,3,3,3,3,3,3,3,3,5,1,2,2.8461538461538463,NA,3.6666666666666665,3.066666666666667,NA,5,1
